epoch,accuracy,loss,val_accuracy,val_loss
0,0.8838000297546387,0.4276600182056427,0.9222999811172485,0.27338045835494995
1,0.9266666769981384,0.25883904099464417,0.9280999898910522,0.2430896908044815
2,0.9343166947364807,0.23275628685951233,0.9318000078201294,0.23166659474372864
